Idusuario,Deslogin,Dessenha,Dtcadastro
19,aluno5,aluno@5,2025-03-25 23:06:04
13,anonimo,anonimo321,2025-03-22 19:14:26
12,cliente01,cliente@123,2025-03-22 19:14:26
11,devuser,devpass2023,2025-03-22 19:14:26
7,guest,guestpass,2025-03-22 19:14:26
17,marketing,market@2024,2025-03-22 19:14:26
14,poweruser,power@321,2025-03-22 19:14:26
18,professor,123123123,2025-03-25 23:05:22
15,root,rootpass,2025-03-22 19:14:26
16,support,support@help,2025-03-22 19:14:26
8,teste1,testesenha1,2025-03-22 19:14:26
9,teste2,testesenha2,2025-03-22 19:14:26
10,user123,mypassword,2025-03-22 19:14:26
3,usuario1,senha123,2025-03-22 19:14:26
4,usuario2,senha456,2025-03-22 19:14:26
5,usuario3,senha789,2025-03-22 19:14:26
